time,latitude,longitude,depth,mag,magType,nst,gap,dmin,rms,net,id,updated,place,type,horizontalError,depthError,magError,magNst,status,locationSource,magSource
2026-07-24T20:52:43.330Z,38.817333221435,-122.76650238037,1.4299999475479,1.82,md,38,45,0.0118,0.04,nc,nc75405197,2026-07-24T20:56:01.330Z,"4 km W of Cobb, CA",earthquake,0.16,0.25,0.13,37,automatic,nc,nc
2026-07-24T20:52:03.120Z,38.831001281738,-122.79183197022,2.3900001049042,1.46,md,33,76,0.007488,0.04,nc,nc75405192,2026-07-24T20:55:27.390Z,"6 km W of Cobb, CA",earthquake,0.23,0.360000014,0.16,33,automatic,nc,nc
2026-07-24T20:33:49.089Z,62.72,-143.74,3.3,1.6,ml,14,68,0.5,0.8,ak,aka2026oojpta,2026-07-24T20:41:58.195Z,"11 km E of Slana, Alaska",earthquake,4.1,2.9601,0.1,10,automatic,ak,ak
2026-07-24T20:33:00.690Z,36.388333333333,-117.88116666667,6.33,1.19,ml,19,103,0.1736,0.18,ci,ci40660882,2026-07-24T20:36:26.249Z,"16 km NE of Olancha, CA",earthquake,0.29,2.14,0.1698120917029,12,automatic,ci,ci
2026-07-24T20:30:53.610Z,33.049166666667,-114.98866666667,3.29,1.73,ml,16,60,0.07725,0.27,ci,ci40660874,2026-07-24T20:34:23.993Z,"45 km NE of Holtville, CA",earthquake,0.48,1.12,0.20962090201025,21,automatic,ci,ci
2026-07-24T20:28:28.574Z,31.904,-101.672,2.5181,1.2,ml,34,86,0.1,0.6,tx,tx2026omavwy,2026-07-24T20:32:41.369Z,"18 km WNW of Garden City, Texas",earthquake,0,1.0123330354691,0.3,22,automatic,tx,tx
2026-07-24T20:25:19.860Z,32.658166666667,-116.62433333333,17.92,0.99,ml,12,151,0.04586,0.21,ci,ci40660866,2026-07-24T20:28:50.977Z,"10 km N of Tecate, B.C., MX",earthquake,0.92,1.6,0.11392189791676,12,automatic,ci,ci
2026-07-24T20:22:32.415Z,31.554,-104.193,4.0203,2.4,ml,42,73,0.1,0.2,tx,tx2026omarbb,2026-07-24T21:00:59.386Z,"46 km NW of Toyah, Texas",earthquake,0,0.91752010583878,0.3,32,automatic,tx,tx
2026-07-24T20:21:27.010Z,19.179000854492,-155.486328125,29.309999465942,2.66,md,46,86,0.03278,0.129999995,hv,hv75007517,2026-07-24T20:24:54.500Z,"2 km SSW of Pāhala, Hawaii",earthquake,0.48,0.620000005,0.23521119672684,12,automatic,hv,hv
2026-07-24T20:20:09.397Z,60.991,-151.043,12,2.1,ml,29,51,0.5,0.5,ak,aka2026oojdwx,2026-07-24T20:21:31.218Z,"9 km SSE of Tyonek, Alaska",earthquake,3,2.3014,0.3,4,automatic,ak,ak
2026-07-24T20:14:52.170Z,35.360833333333,-117.78916666667,6.09,1.25,ml,33,74,0.1041,0.16,ci,ci40660850,2026-07-24T20:18:15.764Z,"14 km W of Johannesburg, CA",earthquake,0.17,0.56,0.11603664466211,22,automatic,ci,ci
2026-07-24T20:03:59.080Z,38.835998535156,-122.79733276367,1.8600000143051,0.83,md,9,72,0.005965,0.02,nc,nc75405167,2026-07-24T20:05:33.928Z,"7 km WNW of Cobb, CA",earthquake,0.42,0.730000019,0.26,10,automatic,nc,nc
2026-07-24T19:59:21.397Z,38.3202,-118.7374,9.208,1.75,ml,15,141,0.195,0.3756,nn,nn00922297,2026-07-24T20:01:41.030Z,"24 km SSW of Hawthorne, Nevada",earthquake,,0.6851,0.22,7,automatic,nn,nn
2026-07-24T19:57:47.830Z,19.16250038147,-155.49217224121,29.459999084473,1.77,md,18,207,0.1165,0.230000004,hv,hv75007502,2026-07-24T20:01:38.180Z,"4 km SSW of Pāhala, Hawaii",earthquake,1.74,1.38999999,0.10070476922317,13,automatic,hv,hv
2026-07-24T19:53:39.100Z,38.749168395996,-122.7311630249,1.9299999475479,1.14,md,11,116,0.01104,0.02,nc,nc75405162,2026-07-24T20:17:24.304Z,"4 km SE of The Geysers, CA",earthquake,0.33,0.439999998,0.16,10,automatic,nc,nc
2026-07-24T19:50:19.820Z,35.367833333333,-118.65316666667,4.37,1.2,ml,19,89,0.1377,0.12,ci,ci40660842,2026-07-24T19:53:48.365Z,"24 km NE of Arvin, CA",earthquake,0.19,0.66,0.093967837692897,6,automatic,ci,ci
2026-07-24T19:49:01.518Z,54.584,-160.144,10,2.6,ml,9,340,1.1,0.6,ak,aka2026ooiczq,2026-07-24T19:54:22.072Z,"86 km SSE of Sand Point, Alaska",earthquake,44.4,0,0.1,7,reviewed,ak,ak
2026-07-24T19:46:19.620Z,38.836498260498,-122.79750061035,1.9099999666214,0.21,md,6,96,0.005906,0,nc,nc75405152,2026-07-24T19:47:57.787Z,"7 km WNW of Cobb, CA",earthquake,0.53,1.37,0.09,7,automatic,nc,nc
2026-07-24T19:45:55.860Z,38.3195,-118.73,11.3152,2.63,ml,24,75,0.141,0.3434,nn,nn00922289,2026-07-24T19:47:50.934Z,"24 km SSW of Hawthorne, Nevada",earthquake,,0.4297,0.17,10,automatic,nn,nn
2026-07-24T19:38:42.138Z,-24.0121,-66.7282,197.18,5.4,mww,88,37,1.699,1.48,us,us7000t36n,2026-07-24T20:03:30.324Z,"47 km WNW of San Antonio de los Cobres, Argentina",earthquake,7.02,6.67,0.048,41,reviewed,us,us
2026-07-24T19:06:27.517Z,4.9092,125.4751,10,4.9,mb,137,53,2.149,0.71,us,us7000t36g,2026-07-24T20:47:58.040Z,"54 km S of Sarangani, Philippines",earthquake,8.9,1.853,0.048,142,reviewed,us,us
2026-07-24T18:51:58.940Z,35.059833333333,-118.342,-0.6,1.32,ml,39,36,0.06907,0.17,ci,ci40660802,2026-07-24T18:55:25.787Z,"13 km SE of Tehachapi, CA",earthquake,0.2,0.48,0.16616885719887,30,automatic,ci,ci
2026-07-24T18:43:08.950Z,33.933,-116.87733333333,3.37,0.85,ml,25,53,0.1171,0.16,ci,ci40660794,2026-07-24T18:46:33.865Z,"1 km N of Banning, CA",earthquake,0.22,0.72,0.19871321967599,20,automatic,ci,ci
2026-07-24T18:43:04.208Z,31.4494,141.3858,35,4.5,mb,48,128,5.329,0.58,us,us7000t36e,2026-07-24T19:14:17.040Z,"Izu Islands, Japan region",earthquake,11.41,1.925,0.091,35,reviewed,us,us
2026-07-24T18:17:50.880Z,43.5035,-123.45366666667,18.65,1.45,md,5,235,0.07855,0.05,uw,uw714060851,2026-07-24T18:39:20.640Z,"15 km NW of Oakland, Oregon",earthquake,1.07,0.55,0.17896393282737,3,reviewed,uw,uw
2026-07-24T18:15:56.530Z,46.577833333333,-121.6735,10.9,1.64,ml,22,140,0.1689,0.09,uw,uw714060841,2026-07-24T18:43:05.570Z,"3 km S of Packwood, Washington",earthquake,0.22,0.92,0.21145292936882,6,reviewed,uw,uw
2026-07-24T18:12:11.190Z,44.708333333333,-123.04333333333,-0.4,1.35,md,11,74,0.0325,0.36,uw,uw714060831,2026-07-24T18:26:57.630Z,"2 km WSW of Jefferson, Oregon",earthquake,0.58,0.47,0.34178631673836,7,reviewed,uw,uw
2026-07-24T18:09:32.030Z,32.117,-101.115,2.4613,1.9,ml,39,101,0.2,0.3,tx,tx2026olwgjt,2026-07-24T18:12:57.338Z,"23 km E of Forsan, Texas",earthquake,0,1.1315871477127,0.2,20,automatic,tx,tx
2026-07-24T18:07:08.620Z,36.894165039062,-121.62266540527,0.68999999761581,2.26,md,12,83,0.02645,0.07,nc,nc75405127,2026-07-24T20:17:23.305Z,"2 km ENE of Aromas, CA",earthquake,0.29,0.680000007,0.29,9,automatic,nc,nc
2026-07-24T18:03:59.620Z,33.65,-116.70716666667,14.68,0.7,ml,21,79,0.03361,0.19,ci,ci40660786,2026-07-24T18:07:19.532Z,"10 km S of Idyllwild, CA",earthquake,0.37,0.49,0.21394814613206,11,automatic,ci,ci
2026-07-24T17:54:19.679Z,58.186,-155.27,5,1,ml,9,89,0,0.3,ak,aka2026ooehln,2026-07-24T17:57:09.222Z,"84 km NW of Karluk, Alaska",earthquake,6.6,,0.3,4,automatic,ak,ak
2026-07-24T17:49:42.004Z,55.972,-159.77,14.7,1.5,ml,12,170,0.2,0.7,ak,aka2026ooedlj,2026-07-24T17:50:46.175Z,"19 km WNW of Ivanof Bay, Alaska",earthquake,15,5.2646,0.3,4,automatic,ak,ak
2026-07-24T17:36:11.670Z,34.000333333333,-116.8405,13.81,0.93,ml,26,53,0.0441,0.12,ci,ci40660770,2026-07-24T18:53:07.425Z,"9 km NNE of Banning, CA",earthquake,0.18,0.42,0.16961286163795,15,reviewed,ci,ci
2026-07-24T17:33:36.568Z,17.7658,-93.9139,201.907,4.5,mb,31,172,5.53,0.53,us,us7000t35u,2026-07-24T18:14:54.040Z,"7 km SSE of Francisco Rueda, Mexico",earthquake,12.55,11.123,0.069,61,reviewed,us,us
2026-07-24T17:28:44.240Z,38.816165924072,-122.76466369629,1.4400000572205,1.04,md,13,106,0.01285,0.04,nc,nc75405102,2026-07-24T17:30:23.927Z,"4 km W of Cobb, CA",earthquake,0.27,0.529999971,0.21,13,automatic,nc,nc
2026-07-24T17:28:05.655Z,-5.5376,103.9042,58.802,4.9,mb,50,72,1.503,0.74,us,us7000t35r,2026-07-24T18:07:55.040Z,"133 km SW of Kotabumi, Indonesia",earthquake,7.98,7.31,0.083,46,reviewed,us,us
2026-07-24T17:27:30.900Z,17.937333333333,-66.9145,11.72,2.23,md,9,215,0.05033,0.09,pr,pr71525673,2026-07-24T17:44:13.020Z,"3 km S of Guánica, Puerto Rico",earthquake,0.65,0.38,0.12458549888002,8,reviewed,pr,pr
2026-07-24T17:14:55.479Z,-20.3259,-174.7728,50.677,4.9,mb,100,58,4.731,1.16,us,us7000t35n,2026-07-24T17:33:30.040Z,"71 km SW of Pangai, Tonga",earthquake,9.77,6.915,0.039,208,reviewed,us,us
2026-07-24T17:12:18.450Z,35.592,-119.23766666667,25,1.68,ml,42,64,0.09396,0.29,ci,ci40660746,2026-07-24T18:33:44.555Z,"9 km E of Wasco, CA",earthquake,0.35,0.67,0.16368343229235,23,reviewed,ci,ci
2026-07-24T17:10:15.629Z,59.822,-153.18,137.1,2.2,ml,32,149,0.1,0.8,ak,aka2026oocvgd,2026-07-24T17:42:46.040Z,"52 km E of Pedro Bay, Alaska",earthquake,5.2,3.0391,0.3,20,automatic,ak,ak
2026-07-24T17:06:29.960Z,35.308,-118.5305,5.33,1.06,ml,26,76,0.09127,0.13,ci,ci40660738,2026-07-24T19:03:28.826Z,"21 km NNW of Tehachapi, CA",earthquake,0.2,0.79,0.25734970232131,7,reviewed,ci,ci
2026-07-24T16:56:24.280Z,34.8355,-118.9775,13.9,1.15,ml,27,76,0.06055,0.18,ci,ci40660730,2026-07-24T19:32:10.502Z,"3 km WNW of Frazier Park, CA",earthquake,0.3,0.46,0.1460053495513,12,reviewed,ci,ci
2026-07-24T16:52:40.140Z,51.804166666667,-178.8135,8.59,0.92,ml,0,151,0.0158,0.08,av,av94330333,2026-07-24T20:15:08.640Z,"150 km W of Adak, Alaska",earthquake,0.57,0.47,0.2593177244914,5,reviewed,av,av
2026-07-24T16:51:37.514Z,-38.9621,175.2332,10,5.7,mww,52,50,0.404,0.93,us,us7000t34g,2026-07-24T20:56:49.118Z,"49 km W of Turangi, New Zealand",earthquake,4.51,1.639,0.038,68,reviewed,us,us
2026-07-24T16:48:38.513Z,61.015,-147.36,32.1,1.4,ml,6,153,0.2,0.4,ak,aka2026ooccms,2026-07-24T16:49:50.372Z,"40 km WNW of Tatitlek, Alaska",earthquake,18.2,8.0701,0.5,4,automatic,ak,ak
2026-07-24T16:40:17.831Z,59.914,-152.748,104.9,1.8,ml,39,56,0.2,0.4,ak,aka2026oobvgy,2026-07-24T16:42:15.393Z,"53 km WNW of Anchor Point, Alaska",earthquake,4.5,2.3299,0.2,13,automatic,ak,ak
2026-07-24T16:36:17.580Z,33.848333333333,-117.48816666667,-0.4,1.77,ml,61,30,0.06653,0.24,ci,ci40660722,2026-07-24T19:15:24.812Z,"4 km SE of Home Gardens, CA",quarry blast,0.23,31.61,0.20635614431549,24,reviewed,ci,ci
2026-07-24T16:33:19.808Z,51.7216,158.127,69.804,5.1,mb,90,107,1.413,1.07,us,us7000t34c,2026-07-24T16:53:17.040Z,"115 km ENE of Ozernovskiy, Russia",earthquake,8.38,6.479,0.024,590,reviewed,us,us
2026-07-24T16:28:06.250Z,38.3205,-118.7432,7.4649,2.11,ml,19,75,0.138,0.1412,nn,nn00922282,2026-07-24T18:03:22.713Z,"24 km SSW of Hawthorne, Nevada",earthquake,,1.4671,0.21,13,reviewed,nn,nn
2026-07-24T16:20:08.363Z,32.887,-100.906,6.0303,1.4,ml,13,59,0,0.1,tx,tx2026olsqdt,2026-07-24T19:29:18.297Z,"18 km N of Snyder, Texas",earthquake,0.33116789431815,0.27659572751562,0.1,8,reviewed,tx,tx
2026-07-24T16:18:01.960Z,46.227,-123.22716666667,0.5,1.5,ml,10,65,0.1115,0.1,uw,uw714060771,2026-07-24T17:49:01.140Z,"11 km ENE of East Cathlamet, Washington",earthquake,0.38,0.8,0.096898248608333,5,reviewed,uw,uw
2026-07-24T16:08:09.790Z,33.409333333333,-116.8955,8,0.84,ml,28,42,0.062,0.19,ci,ci40660698,2026-07-24T19:07:46.794Z,"5 km SW of Aguanga, CA",earthquake,0.22,0.71,0.10140873119991,15,reviewed,ci,ci
2026-07-24T16:01:37.784Z,61.11,-151.366,72.8,2,ml,39,66,0.3,0.7,ak,aka2026ooanss,2026-07-24T19:52:05.523Z,"13 km WNW of Tyonek, Alaska",earthquake,3.3,3.0367,0.2,28,reviewed,ak,ak
2026-07-24T15:47:08.358Z,38.3202,-118.7414,6.8002,2.56,ml,21,75,0.139,0.1676,nn,nn00922278,2026-07-24T16:25:04.274Z,"24 km SSW of Hawthorne, Nevada",earthquake,,1.3073,0.25,13,reviewed,nn,nn
2026-07-24T15:46:50.970Z,51.796166666667,-178.821,9.26,0.91,ml,5,152,0.02492,0.15,av,av94330243,2026-07-24T20:12:38.380Z,"150 km W of Adak, Alaska",earthquake,0.8,0.52,0.22794687595268,5,reviewed,av,av
2026-07-24T15:43:01.812Z,60.671,-147.41,10.5,1.6,ml,6,230,0.3,0.2,ak,aka2026onzxpp,2026-07-24T15:44:10.396Z,"45 km WSW of Tatitlek, Alaska",earthquake,21.5,7.1856,0.3,4,automatic,ak,ak
2026-07-24T15:41:11.750Z,36.506000518799,-120.55283355713,15.10000038147,1.99,md,11,113,0.09126,0.09,nc,nc75405032,2026-07-24T17:27:20.126Z,"15 km NE of New Idria, CA",earthquake,0.62,0.50999999,0.16,8,automatic,nc,nc
2026-07-24T15:34:32.283Z,-27.2556,-67.8335,10,4.8,mb,42,43,2.246,0.85,us,us7000t33w,2026-07-24T16:04:25.040Z,"50 km NNW of Fiambalá, Argentina",earthquake,6.84,1.831,0.103,29,reviewed,us,us
2026-07-24T15:33:10.410Z,33.477833333333,-116.46216666667,10.82,1.51,ml,74,25,0.1182,0.2,ci,ci40660682,2026-07-24T16:06:25.970Z,"21 km ESE of Anza, CA",earthquake,0.13,0.31,0.20199706805007,27,reviewed,ci,ci
2026-07-24T15:08:55.570Z,45.308666666667,-121.65833333333,8.63,0.73,ml,7,154,0.01456,0.07,uw,uw714060721,2026-07-24T17:10:25.980Z,"7 km NE of Wapanitia, Oregon",earthquake,0.43,0.35,0.23928734126606,2,reviewed,uw,uw
2026-07-24T14:58:55.250Z,37.256832122803,-121.63166809082,5.0500001907349,2.35,md,59,42,0.03314,0.07,nc,nc75405012,2026-07-24T18:00:54.473Z,"14 km N of Morgan Hill, CA",earthquake,0.13,0.289999992,0.13,65,automatic,nc,nc
2026-07-24T14:55:43.005Z,32.108,-102.214,7.1533,1.6,ml,39,58,0,0.1,tx,tx2026olpvkj,2026-07-24T16:27:53.440Z,"17 km NW of Midland, Texas",earthquake,0.56225887709444,1.2288934188897,0.2,25,reviewed,tx,tx
2026-07-24T14:55:26.700Z,39.0722,-119.6714,5.0572,1.64,ml,20,89,0.185,0.1162,nn,nn00922276,2026-07-24T14:57:49.281Z,"5 km ENE of Johnson Lane, Nevada",earthquake,,1.2088,0.23,11,automatic,nn,nn
2026-07-24T14:53:43.400Z,37.25566482544,-121.6318359375,5.1500000953674,1.61,md,25,68,0.03311,0.06,nc,nc75405002,2026-07-24T15:57:21.503Z,"14 km N of Morgan Hill, CA",earthquake,0.17,0.629999995,0.27,18,automatic,nc,nc
2026-07-24T14:50:01.725Z,31.66,-104.228,7.8302,1.8,ml,32,64,0,0.2,tx,tx2026olpqnf,2026-07-24T16:15:25.050Z,"56 km NW of Toyah, Texas",earthquake,0.6802704829725,0.94918101468408,0.1,21,reviewed,tx,tx
2026-07-24T14:49:28.191Z,62.148,-151.196,71.7,1.8,ml,12,164,0.2,0.5,ak,aka2026onyded,2026-07-24T14:51:05.469Z,"20 km NNE of Skwentna, Alaska",earthquake,8.2,5.343,0.4,4,automatic,ak,ak
2026-07-24T14:46:50.570Z,17.976666666667,-66.8225,11.91,2.22,md,6,202,0.05405,0.27,pr,pr71525653,2026-07-24T15:18:36.130Z,"1 km S of Indios, Puerto Rico",earthquake,1.11,1.64,0.10966333913026,4,reviewed,pr,pr
2026-07-24T14:37:53.594Z,31.657,-104.221,6.6638,2.1,ml,45,65,0,0.2,tx,tx2026olpfnv,2026-07-24T15:56:20.617Z,"55 km NW of Toyah, Texas",earthquake,0.81282696075539,0.91132483470519,0.1,32,reviewed,tx,tx
2026-07-24T14:36:43.350Z,17.931166666667,-66.912,14.27,2.07,md,11,218,0.05363,0.09,pr,pr71525633,2026-07-24T14:45:58.900Z,"4 km S of Guánica, Puerto Rico",earthquake,0.71,0.5,0.18873460706269,7,reviewed,pr,pr
2026-07-24T14:34:48.078Z,31.91,-101.758,9.6191,0.7,ml,16,63,0.1,0.2,tx,tx2026olpdgs,2026-07-24T17:02:31.503Z,"24 km S of Stanton, Texas",earthquake,1.0836403571952,0.83375897779932,0.3,8,reviewed,tx,tx
2026-07-24T14:31:54.420Z,32.502,-101.185,4.6631,1.6,ml,25,82,0,0.2,tx,tx2026olpawo,2026-07-24T16:46:29.185Z,"22 km NW of Westbrook, Texas",earthquake,0.54331254842973,1.2002284457765,0.2,15,reviewed,tx,tx
2026-07-24T14:13:30.160Z,18.880166666667,-64.462166666667,6.08,2.51,md,3,309,0.392,0.08,pr,pr71525658,2026-07-24T14:53:10.400Z,"70 km NNE of Cruz Bay, U.S. Virgin Islands",earthquake,2.32,3.32,0.057970978671868,3,reviewed,pr,pr
2026-07-24T13:52:26.820Z,33.986666666667,-117.1565,9.92,0.71,ml,21,78,0.06092,0.14,ci,ci40660658,2026-07-24T19:52:18.315Z,"8 km SSE of Redlands, CA",earthquake,0.23,0.66,0.10019499486575,8,reviewed,ci,ci
2026-07-24T13:48:09.788Z,32.163,-101.506,9.5459,1.4,ml,33,43,0,0.1,tx,tx2026olnpeg,2026-07-24T15:36:43.599Z,"10 km SSW of Big Spring, Texas",earthquake,0.28959748090173,0.64613942298573,0.1,21,reviewed,tx,tx
2026-07-24T13:45:11.190Z,33.944833333333,-116.92683333333,14.22,1.12,ml,51,22,0.05043,0.12,ci,ci40660650,2026-07-24T20:47:48.210Z,"5 km ENE of Beaumont, CA",earthquake,0.12,0.27,0.15489001981269,21,reviewed,ci,ci
2026-07-24T13:29:38.000Z,33.961666666667,-117.21716666667,13.03,1.01,ml,43,60,0.03955,0.14,ci,ci40660642,2026-07-24T20:31:22.469Z,"4 km NNE of Moreno Valley, CA",earthquake,0.14,0.33,0.19374793616487,19,reviewed,ci,ci
2026-07-24T13:27:26.979Z,32.165,-101.506,8.7646,2.2,ml,51,44,0,0.1,tx,tx2026olmxil,2026-07-24T14:53:07.512Z,"9 km SSW of Big Spring, Texas",earthquake,0.23290863140548,0.42813780984014,0.1,37,reviewed,tx,tx
2026-07-24T13:25:52.950Z,36.858001708984,-121.59683227539,5.1100001335144,2.01,md,32,64,0.02669,0.16,nc,nc75404972,2026-07-24T13:47:22.637Z,"5 km SE of Aromas, CA",earthquake,0.34,0.560000002,0.26,29,automatic,nc,nc
2026-07-24T13:24:27.100Z,32.908666666667,-115.51683333333,9.31,1.58,ml,23,72,0.0376,0.24,ci,ci40660634,2026-07-24T20:24:24.294Z,"8 km S of Brawley, CA",earthquake,0.44,0.77,0.36594338543488,22,reviewed,ci,ci
2026-07-24T13:16:11.100Z,34.450166666667,-117.925,9.02,1.17,ml,26,47,0.02516,0.17,ci,ci40660618,2026-07-24T18:17:23.187Z,"6 km SSW of Pearblossom, CA",earthquake,0.21,0.43,0.11541384463505,17,reviewed,ci,ci
2026-07-24T13:16:08.640Z,17.975833333333,-66.648166666667,12.08,2.4,md,20,143,0.07764,0.13,pr,pr71525613,2026-07-24T13:57:49.940Z,"4 km SW of Ponce, Puerto Rico",earthquake,0.34,0.25,0.079024891934861,8,reviewed,pr,pr
2026-07-24T13:15:08.542Z,31.572,-104.185,6.7023,1.7,ml,38,70,0.1,0.2,tx,tx2026olmmlq,2026-07-24T15:28:11.988Z,"46 km NW of Toyah, Texas",earthquake,0.4673961425244,0.58687540456005,0.2,24,reviewed,tx,tx
2026-07-24T13:11:36.200Z,31.654,-104.214,6.1383,1.9,ml,43,64,0,0.2,tx,tx2026olmjpa,2026-07-24T15:16:01.020Z,"54 km NW of Toyah, Texas",earthquake,0.44961709592688,0.46418506565239,0.1,31,reviewed,tx,tx
2026-07-24T12:55:27.389Z,60.867,-151.28,75.8,1.5,ml,17,76,0.1,0.6,ak,aka2026onuihp,2026-07-24T12:56:58.748Z,"19 km N of Nikiski, Alaska",earthquake,5.6,5.7437,0.4,4,automatic,ak,ak
2026-07-24T12:52:52.210Z,17.977,-66.645166666667,12.31,2.56,md,26,141,0.03949,0.16,pr,pr71525603,2026-07-24T13:20:32.780Z,"4 km SSW of Ponce, Puerto Rico",earthquake,0.33,0.26,0.22237836113857,16,reviewed,pr,pr
2026-07-24T12:49:52.140Z,38.787498474121,-122.77183532715,3.1600000858307,1.72,md,29,82,0.01379,0.03,nc,nc75404957,2026-07-24T13:32:22.535Z,"2 km NW of The Geysers, CA",earthquake,0.25,0.460000008,0.15,31,automatic,nc,nc
2026-07-24T12:46:40.420Z,31.568,-104.181,7.7405,1.7,ml,36,70,0,0.2,tx,tx2026ollnux,2026-07-24T13:34:45.092Z,"46 km NW of Toyah, Texas",earthquake,0.61232510899499,0.6723349147707,0.1,22,reviewed,tx,tx
2026-07-24T12:43:36.156Z,38.3161,-118.7445,6.9722,2.39,ml,21,43,0.142,0.1555,nn,nn00922270,2026-07-24T17:15:43.774Z,"25 km SSW of Hawthorne, Nevada",earthquake,,1.1152,0.24,14,reviewed,nn,nn
2026-07-24T12:37:31.600Z,17.996,-66.7795,5.88,2.16,md,13,184,0.02647,0.11,pr,pr71525588,2026-07-24T13:40:26.510Z,"2 km SSW of Magas Arriba, Puerto Rico",earthquake,0.43,0.22,0.18394262780779,9,reviewed,pr,pr
2026-07-24T12:27:03.497Z,31.652,-104.232,9.5734,1.5,ml,38,65,0,0.3,tx,tx2026olkxev,2026-07-24T16:54:18.702Z,"55 km NW of Toyah, Texas",earthquake,0.33148769367707,0.69446716611175,0.1,24,reviewed,tx,tx
2026-07-24T12:27:02.974Z,-2.6055,138.8797,10,5.1,mb,60,77,1.824,0.74,us,us7000t30v,2026-07-24T12:44:53.040Z,"194 km W of Abepura, Indonesia",earthquake,5.32,1.832,0.06,90,reviewed,us,us
2026-07-24T12:26:29.916Z,64.696,-149.088,10,1.8,ml,17,66,0.1,0.8,ak,aka2026ontjer,2026-07-24T12:27:50.440Z,"10 km N of Four Mile Road, Alaska",earthquake,4.2,3.306,0.2,4,automatic,ak,ak
2026-07-24T12:17:53.067Z,61.836,-150.907,72.1,2.1,ml,30,58,0.3,0.8,ak,aka2026ontbsx,2026-07-24T19:34:49.602Z,"30 km SE of Skwentna, Alaska",earthquake,3.2,3.585,0.2,4,automatic,ak,ak
2026-07-24T12:14:28.267Z,-2.5572,138.8159,10,5.4,mb,88,53,1.886,0.8,us,us7000t30r,2026-07-24T14:23:26.609Z,"202 km W of Abepura, Indonesia",earthquake,7.88,1.847,0.051,133,reviewed,us,us
2026-07-24T12:14:14.192Z,38.3161,-118.7451,6.6877,2.09,ml,22,76,0.142,0.1546,nn,nn00922264,2026-07-24T18:32:26.672Z,"25 km SSW of Hawthorne, Nevada",earthquake,,1.2218,0.24,14,reviewed,nn,nn
2026-07-24T12:11:59.120Z,35.328833333333,-117.79566666667,8.52,0.96,ml,33,85,0.07374,0.17,ci,ci40660594,2026-07-24T20:13:41.852Z,"15 km WSW of Johannesburg, CA",earthquake,0.21,0.5,0.18384188469003,12,reviewed,ci,ci
2026-07-24T12:06:06.260Z,38.823165893555,-122.80616760254,2.2200000286102,1.83,md,37,36,0.00306,0.04,nc,nc75404937,2026-07-24T12:37:24.164Z,"7 km NW of The Geysers, CA",earthquake,0.18,0.310000002,0.14,38,automatic,nc,nc
2026-07-24T12:05:12.082Z,43.0903,13.6459,10,2.8,ml,10,170,0.229,0.57,us,us7000t30x,2026-07-24T12:46:55.603Z,"1 km E of Monte Giberto, Italy",earthquake,2.3,1.988,0.081,20,reviewed,us,us
2026-07-24T11:27:07.099Z,28.818,-98.958,8.6647,1.9,ml,17,80,0.1,0.3,tx,tx2026olixrn,2026-07-24T12:26:29.659Z,"15 km ESE of Pearsall, Texas",earthquake,1.9648103592679,1.2288763980928,0.1,12,reviewed,tx,tx
2026-07-24T11:23:40.290Z,38.835498809815,-122.80916595459,2.2699999809265,0.72,md,16,56,0.01211,0.01,nc,nc75404932,2026-07-24T11:25:18.202Z,"8 km WNW of Cobb, CA",earthquake,0.31,0.620000005,0.1,16,automatic,nc,nc
2026-07-24T11:17:13.760Z,19.343334197998,-155.13816833496,3.2799999713898,1.94,md,37,177,0.04302,0.289999992,hv,hv75007422,2026-07-24T11:20:42.800Z,"13 km S of Fern Forest, Hawaii",earthquake,0.56,1.33000004,0.1280584003525,14,automatic,hv,hv
2026-07-24T11:12:09.940Z,33.639166666667,-117.01633333333,13.41,1.01,ml,49,26,0.01224,0.19,ci,ci40660586,2026-07-24T16:01:29.706Z,"10 km SE of Winchester, CA",earthquake,0.16,0.33,0.20183472493084,29,reviewed,ci,ci
2026-07-24T11:11:34.234Z,-2.5436,138.8612,10,5.3,mb,72,39,1.84,1.09,us,us7000t309,2026-07-24T11:32:24.040Z,"197 km W of Abepura, Indonesia",earthquake,8.14,1.823,0.056,106,reviewed,us,us
2026-07-24T11:01:39.710Z,38.835498809815,-122.80183410644,2.2300000190735,0.71,md,12,63,0.009432,0.01,nc,nc75404922,2026-07-24T11:03:17.974Z,"7 km WNW of Cobb, CA",earthquake,0.31,0.870000005,0.11,12,automatic,nc,nc
2026-07-24T10:58:12.550Z,46.225333333333,-122.41333333333,15.37,1.25,ml,14,210,0.05333,0.12,uw,uw714060681,2026-07-24T17:38:10.130Z,"34 km S of Mossyrock, Washington",earthquake,0.59,0.65,0.033179621715209,4,reviewed,uw,uw
2026-07-24T10:51:28.650Z,38.75333404541,-122.92883300781,4.9899997711182,1.32,md,21,108,0.06619,0.07,nc,nc75404917,2026-07-24T11:27:21.712Z,"10 km SE of Cloverdale, CA",earthquake,0.34,1.50999999,0.15,20,automatic,nc,nc
2026-07-24T10:49:14.320Z,38.813999176025,-122.8193359375,2.7599999904633,1.09,md,22,52,0.00924,0.02,nc,nc75404912,2026-07-24T10:50:52.642Z,"7 km NW of The Geysers, CA",earthquake,0.23,0.430000007,0.16,24,automatic,nc,nc
2026-07-24T10:40:25.930Z,19.049833297729,-155.45050048828,36.959999084473,1.81,md,10,251,0.1056,0.25999999,hv,hv75007402,2026-07-24T10:43:54.150Z,"13 km E of Naalehu, Hawaii",earthquake,3.34,1.98000002,0.1489347304269,13,automatic,hv,hv
2026-07-24T10:35:06.209Z,31.969,-102.308,8.0811,0.8,ml,10,79,0,0.1,tx,tx2026olhesk,2026-07-24T15:17:58.000Z,"8 km SE of Gardendale, Texas",earthquake,0.78917128548877,0.90465201273382,0.3,7,reviewed,tx,tx
2026-07-24T10:31:55.390Z,38.821166992188,-122.80966949463,2.8399999141693,1.3,md,25,40,0.002247,0.02,nc,nc75404907,2026-07-24T11:07:21.585Z,"7 km NW of The Geysers, CA",earthquake,0.25,0.430000007,0.2,28,automatic,nc,nc
2026-07-24T10:30:47.220Z,19.101333618164,-155.44299316406,39.490001678467,1.93,md,7,192,0.05675,0.0799999982,hv,hv75007377,2026-07-24T10:34:24.240Z,"11 km SSE of Pāhala, Hawaii",earthquake,1.53,2.6400001,0.20293000431544,14,automatic,hv,hv
2026-07-24T10:30:29.382Z,31.65,-104.23,7.5867,1.6,ml,15,88,0,0.3,tx,tx2026olhawd,2026-07-24T14:52:44.519Z,"55 km NW of Toyah, Texas",earthquake,0.75896390544046,1.4914141498945,0.2,21,reviewed,tx,tx
2026-07-24T10:28:41.951Z,31.654,-104.223,6.0999,1.9,ml,33,64,0.1,0.3,tx,tx2026olgzhv,2026-07-24T14:28:10.847Z,"55 km NW of Toyah, Texas",earthquake,0.72304048711389,0.98572193863899,0.1,18,reviewed,tx,tx
2026-07-24T10:28:10.930Z,38.824165344238,-122.80716705322,2.460000038147,0.7,md,8,99,0.002397,0.01,nc,nc75404902,2026-07-24T10:29:48.456Z,"7 km NW of The Geysers, CA",earthquake,0.32,1.20000005,0.2,10,automatic,nc,nc
2026-07-24T10:27:24.148Z,31.652,-104.231,8.0737,2.3,ml,39,65,0,0.3,tx,tx2026olgyet,2026-07-24T13:43:16.049Z,"55 km NW of Toyah, Texas",earthquake,0.60112535179607,0.95028717396837,0.1,18,reviewed,tx,tx
2026-07-24T10:26:10.590Z,19.101499557495,-155.45100402832,42.060001373291,1.73,md,13,262,0.05465,0.0700000003,hv,hv75007367,2026-07-24T10:29:36.250Z,"11 km SSE of Pāhala, Hawaii",earthquake,1.64,1.97000003,0.041756979214089,12,automatic,hv,hv
2026-07-24T10:25:22.921Z,31.434,-103.939,6.4075,1.5,ml,21,78,0.1,0.2,tx,tx2026olgwkl,2026-07-24T12:52:36.136Z,"19 km NW of Toyah, Texas",earthquake,0.51519262702583,1.2872103053945,0.1,17,reviewed,tx,tx
2026-07-24T10:25:19.250Z,38.823833465576,-122.80633544922,2.579999923706,1.08,md,17,63,0.002953,0.02,nc,nc75404897,2026-07-24T10:26:58.612Z,"7 km NW of The Geysers, CA",earthquake,0.3,0.469999999,0.27,20,automatic,nc,nc
2026-07-24T10:21:30.807Z,31.43,-103.941,5.1257,1.7,ml,16,79,0.1,0.2,tx,tx2026olgrha,2026-07-24T13:04:00.809Z,"18 km NW of Toyah, Texas",earthquake,0.67166261537047,1.1855769158111,0.1,13,reviewed,tx,tx
2026-07-24T10:12:30.805Z,31.569,-104.18,7.1765,1.7,ml,31,71,0,0.2,tx,tx2026olglfm,2026-07-24T14:10:30.695Z,"46 km NW of Toyah, Texas",earthquake,0.67756365557685,0.62852611528398,0.2,19,reviewed,tx,tx
2026-07-24T10:09:49.148Z,31.431,-103.94,5.9973,2.7,ml,38,51,0.1,0.2,tx,tx2026olgiuk,2026-07-24T10:25:48.317Z,"18 km NW of Toyah, Texas",earthquake,0.54515271593326,0.8796450342052,0.2,27,reviewed,tx,tx
2026-07-24T10:09:37.157Z,-18.0389,-178.1299,602.302,4.2,mb,39,126,2.849,0.62,us,us7000t307,2026-07-24T11:50:13.040Z,"270 km E of Levuka, Fiji",earthquake,15.76,9.373,0.056,88,reviewed,us,us
2026-07-24T09:56:58.989Z,52.15,176.342,10,4.2,ml,55,199,1.4,1.2,ak,aka2026onojnv,2026-07-24T18:28:41.642Z,"227 km ESE of Attu Station, Alaska",earthquake,12.5,0,0.1,25,reviewed,ak,ak
2026-07-24T09:52:19.298Z,31.613,-104.111,6.0999,1.5,ml,30,52,0,0.2,tx,tx2026olftci,2026-07-24T14:45:00.524Z,"44 km NW of Toyah, Texas",earthquake,0.43802637703511,0.30178497767599,0.2,24,reviewed,tx,tx
2026-07-24T09:50:22.400Z,38.835334777832,-122.78350067139,1.6599999666214,1.1,md,18,130,0.006163,0.06,nc,nc75404892,2026-07-24T10:27:21.313Z,"5 km WNW of Cobb, CA",earthquake,0.31,0.479999989,0.13,18,automatic,nc,nc
2026-07-24T09:46:38.470Z,38.81233215332,-122.79833221435,1.3300000429153,0.88,md,17,41,0.004959,0.02,nc,nc75404887,2026-07-24T09:48:13.379Z,"5 km NW of The Geysers, CA",earthquake,0.21,0.409999996,0.16,18,automatic,nc,nc
2026-07-24T09:45:59.340Z,17.9395,-66.9,13.03,2.16,md,5,217,0.1405,0.13,pr,pr71525563,2026-07-24T12:18:48.090Z,"3 km SSE of Guánica, Puerto Rico",earthquake,2.07,3.27,0.044914143379041,5,reviewed,pr,pr
2026-07-24T09:44:35.843Z,59.323,-152.845,77,2,ml,32,86,0.5,0.4,ak,aka2026onnyng,2026-07-24T09:46:07.975Z,"52 km W of Nanwalek, Alaska",earthquake,4.3,3.3592,0.2,4,automatic,ak,ak
2026-07-24T09:40:06.463Z,38.4368,-116.4975,10.0015,1.5,ml,10,150,0.209,0.148,nn,nn00922261,2026-07-24T18:48:25.675Z,"76 km ENE of Tonopah, Nevada",earthquake,,3.7138,0.14,5,reviewed,nn,nn
2026-07-24T09:36:54.568Z,38.4403,-116.4962,11.3763,2.3,ml,9,150,0.212,0.1164,nn,nn00922259,2026-07-24T17:44:17.809Z,"76 km ENE of Tonopah, Nevada",earthquake,,1.8429,0.18,5,reviewed,nn,nn
2026-07-24T09:35:37.349Z,38.4468,-116.5155,7.3908,2.67,ml,11,150,0.222,0.1589,nn,nn00922257,2026-07-24T17:28:28.822Z,"75 km ENE of Tonopah, Nevada",earthquake,,1.9211,0.27,4,reviewed,nn,nn
2026-07-24T09:29:31.360Z,31.967,-102.308,8.5693,0.7,ml,11,100,0,0.1,tx,tx2026olexnn,2026-07-24T15:13:30.350Z,"9 km SE of Gardendale, Texas",earthquake,0.97085053307834,0.86920013892738,0.4,7,reviewed,tx,tx
2026-07-24T09:22:27.261Z,59.966,-152.18,90.7,2.5,ml,47,46,0.4,0.5,ak,aka2026onnfpz,2026-07-24T11:28:45.040Z,"25 km W of Happy Valley, Alaska",earthquake,3.5,2.6876,0.2,4,automatic,ak,ak
2026-07-24T09:15:40.650Z,33.9435,-118.33666666667,8.82,1.31,ml,47,118,0.007365,0.26,ci,ci40660578,2026-07-24T09:19:01.699Z,"2 km ENE of Lennox, CA",earthquake,0.38,0.56,0.1861967143844,32,automatic,ci,ci
2026-07-24T08:58:42.050Z,17.950666666667,-66.916666666667,14.4,2.13,md,5,211,0.1228,0.06,pr,pr71525548,2026-07-24T12:08:04.520Z,"2 km SSW of Guánica, Puerto Rico",earthquake,0.73,1.65,0.34986697938841,4,reviewed,pr,pr
2026-07-24T08:57:45.810Z,17.868,-64.269166666667,21.51,3,md,5,268,0.4859,0.32,pr,pr71525543,2026-07-24T12:18:16.470Z,"48 km ENE of Christiansted, U.S. Virgin Islands",earthquake,2.29,21.56,0.1575840310703,5,reviewed,pr,pr
2026-07-24T08:55:43.010Z,32.881833333333,-116.25766666667,11.13,0.66,ml,25,80,0.1569,0.14,ci,ci40660562,2026-07-24T20:38:11.425Z,"26 km ENE of Pine Valley, CA",earthquake,0.2,0.55,0.10479595883871,11,reviewed,ci,ci
2026-07-24T08:52:39.350Z,17.920166666667,-66.910833333333,15.05,2.71,md,21,197,0.06232,0.08,pr,pr71525533,2026-07-24T11:59:50.700Z,"5 km S of Guánica, Puerto Rico",earthquake,0.42,0.34,0.27354811931234,14,reviewed,pr,pr
2026-07-24T08:49:28.790Z,31.653,-104.223,7.1252,1.6,ml,18,64,0,0.2,tx,tx2026oldrvc,2026-07-24T13:54:32.580Z,"55 km NW of Toyah, Texas",earthquake,0.74277911958027,1.2931262067991,0.2,21,reviewed,tx,tx
2026-07-24T08:43:46.230Z,36.074333333333,-117.89416666667,3.95,0.82,ml,21,69,0.05363,0.1,ci,ci40660554,2026-07-24T20:06:08.795Z,"6 km NE of Coso Junction, CA",earthquake,0.15,0.27,0.31295879732992,10,reviewed,ci,ci
2026-07-24T08:20:50.847Z,-17.676,-178.714,570.2,4.2,mb,37,132,2.186,0.75,us,us7000t2zt,2026-07-24T08:43:34.040Z,"213 km ENE of Levuka, Fiji",earthquake,13.21,8.631,0.091,34,reviewed,us,us
2026-07-24T08:06:58.080Z,35.312,-117.82283333333,9.04,1.01,ml,28,64,0.04829,0.18,ci,ci40660546,2026-07-24T08:10:23.570Z,"18 km WSW of Johannesburg, CA",earthquake,0.24,0.46,0.12820354708332,15,automatic,ci,ci
2026-07-24T08:04:42.435Z,28.797,-98.938,7.6301,1.8,ml,17,83,0.2,0.3,tx,tx2026olcfgh,2026-07-24T12:33:56.621Z,"18 km SE of Pearsall, Texas",earthquake,0.88874768013049,0.84307800329381,0.1,12,reviewed,tx,tx
2026-07-24T08:01:18.375Z,-23.0953,68.9337,10,4.8,mb,34,86,6.156,0.79,us,us7000t2ye,2026-07-24T08:21:46.040Z,"Mid-Indian Ridge",earthquake,12.42,1.898,0.111,25,reviewed,us,us
2026-07-24T07:54:51.160Z,39.327499389648,-123.27033233643,6.7399997711182,1.95,md,15,87,0.1196,0.05,nc,nc75404852,2026-07-24T08:47:24.639Z,"9 km NW of Redwood Valley, CA",earthquake,0.25,1.25999999,0.08,13,automatic,nc,nc
2026-07-24T07:53:51.670Z,35.310333333333,-118.54983333333,7.11,1.07,ml,25,73,0.1072,0.13,ci,ci40660538,2026-07-24T07:57:20.311Z,"22 km NNW of Tehachapi, CA",earthquake,0.16,0.46,0.12330382423698,10,automatic,ci,ci
2026-07-24T07:50:21.520Z,47.596333333333,-121.87116666667,20.5,0.98,md,13,109,0.08017,0.11,uw,uw714060671,2026-07-24T17:21:24.980Z,"3 km NNE of Fall City, Washington",earthquake,0.38,0.53,0.14865512998917,4,reviewed,uw,uw
2026-07-24T07:45:42.170Z,38.836666107178,-122.79983520508,2.1800000667572,0.78,md,12,68,0.007614,0.02,nc,nc75404842,2026-07-24T07:47:18.422Z,"7 km WNW of Cobb, CA",earthquake,0.31,0.75,0.39,12,automatic,nc,nc
2026-07-24T07:41:41.602Z,-17.6234,-69.6685,145.945,4.3,mb,25,102,0.183,0.81,us,us7000t2xk,2026-07-24T11:23:58.040Z,"35 km ENE of Palca, Peru",earthquake,7.2,3.657,0.109,24,reviewed,us,us
2026-07-24T07:39:03.065Z,31.759,-104.532,5.2795,1.2,ml,17,89,0,0.3,tx,tx2026olbjdk,2026-07-24T12:59:31.834Z,"48 km SSW of Whites City, New Mexico",earthquake,0.99358173737294,0.90212402949097,0.1,13,reviewed,tx,tx
2026-07-24T07:00:19.618Z,32.098,-101.949,9.2773,0.8,ml,33,55,0.1,0.2,tx,tx2026olabtm,2026-07-24T19:50:04.405Z,"15 km WSW of Stanton, Texas",earthquake,0.49964169205545,0.89403605134493,0.2,16,reviewed,tx,tx
2026-07-24T06:29:11.560Z,39.458499908447,-121.19899749756,5.9499998092651,2.12,md,5,128,0.2206,0.08,nc,nc75404832,2026-07-24T06:52:22.902Z,"6 km E of Challenge-Brownsville, CA",earthquake,0.65,5.11999989,0.12,4,automatic,nc,nc
2026-07-24T06:21:20.150Z,38.837333679199,-122.78883361816,1.6799999475479,0.69,md,8,81,0.001595,0.01,nc,nc75404827,2026-07-24T06:22:57.677Z,"6 km WNW of Cobb, CA",earthquake,0.47,1.22000003,0.17,8,automatic,nc,nc
2026-07-24T06:18:30.040Z,36.462,-89.509666666667,8.53,2.03,md,28,67,0.06146,0.05,nm,nm60625661,2026-07-24T14:00:29.610Z,"9 km NNW of Tiptonville, Tennessee",earthquake,0.35,0.77,0.15388571368639,22,reviewed,nm,nm
2026-07-24T06:14:12.490Z,34.016666666667,-117.187,5.04,0.99,ml,57,27,0.06473,0.18,ci,ci40660530,2026-07-24T06:17:34.439Z,"4 km S of Redlands, CA",earthquake,0.14,0.34,0.20412160060231,30,automatic,ci,ci
2026-07-24T06:01:35.480Z,38.837001800537,-122.78182983398,1.8099999427795,0.7,md,12,70,0.006796,0.03,nc,nc75404822,2026-07-24T06:03:12.617Z,"5 km WNW of Cobb, CA",earthquake,0.3,0.439999998,0.21,13,automatic,nc,nc
2026-07-24T05:54:08.930Z,46.2005,-122.14266666667,7.02,-0.1,md,8,136,0.02975,0.07,uw,uw714060651,2026-07-24T17:00:36.070Z,"39 km NE of Amboy, Washington",earthquake,0.49,0.45,0.26206332903456,7,reviewed,uw,uw
2026-07-24T05:42:48.350Z,38.835498809815,-122.79933166504,2.1300001144409,0.74,md,11,62,0.007597,0.01,nc,nc75404817,2026-07-24T05:44:27.255Z,"7 km WNW of Cobb, CA",earthquake,0.33,0.720000029,0.18,12,automatic,nc,nc
2026-07-24T05:42:11.390Z,38.83483505249,-122.79766845703,2.079999923706,1.05,md,17,67,0.006742,0.01,nc,nc75404812,2026-07-24T05:43:47.371Z,"7 km WNW of Cobb, CA",earthquake,0.24,0.479999989,0.09,19,automatic,nc,nc
2026-07-24T05:37:11.504Z,31.528,-104.022,7.9456,1.5,ml,34,83,0,0.1,tx,tx2026okxicu,2026-07-24T07:48:11.595Z,"32 km NW of Toyah, Texas",earthquake,0.68881702482575,0.45615040366695,0.1,24,reviewed,tx,tx
2026-07-24T05:36:07.680Z,38.83466720581,-122.79766845703,2,1.26,md,10,56,0.006832,0.02,nc,nc75404807,2026-07-24T06:22:20.698Z,"7 km WNW of Cobb, CA",earthquake,0.38,1.07000005,0.24,13,automatic,nc,nc
2026-07-24T05:31:00.550Z,34.066333333333,-116.83066666667,12.13,0.7,ml,28,45,0.03645,0.09,ci,ci40660522,2026-07-24T21:00:36.514Z,"16 km NNE of Banning, CA",earthquake,0.16,0.3,0.075684380038651,12,reviewed,ci,ci
2026-07-24T05:23:52.740Z,38.840167999268,-122.87783050537,2.8399999141693,1.49,md,23,85,0.004801,0.03,nc,nc75404797,2026-07-24T05:57:21.522Z,"13 km WNW of The Geysers, CA",earthquake,0.3,0.469999999,0.16,23,automatic,nc,nc
2026-07-24T05:11:04.470Z,38.826332092285,-122.81449890137,1.9099999666214,0.26,md,8,74,0.004533,0.02,nc,nc75404792,2026-07-24T05:12:42.078Z,"7 km NW of The Geysers, CA",earthquake,0.41,1.04999995,0.18,8,automatic,nc,nc
2026-07-24T04:54:01.210Z,32.9205,-116.23733333333,13.03,0.91,ml,35,46,0.06512,0.17,ci,ci40660514,2026-07-24T20:56:04.267Z,"27 km SSW of Ocotillo Wells, CA",earthquake,0.19,0.48,0.12175249144218,14,reviewed,ci,ci
2026-07-24T04:47:46.670Z,37.387001037598,-122.26083374023,7.4000000953674,1.64,md,16,95,0.02302,0.05,nc,nc75404782,2026-07-24T05:22:20.281Z,"2 km W of Portola Valley, CA",earthquake,0.28,0.370000005,0.13,14,automatic,nc,nc
2026-07-24T04:23:33.870Z,47.2905,-122.9165,27.07,1.02,ml,11,181,0.06476,0.08,uw,uw714060641,2026-07-24T16:45:11.350Z,"7 km SW of Grapeview, Washington",earthquake,0.36,0.64,0.15578604965675,4,reviewed,uw,uw
2026-07-24T04:17:54.771Z,35.897,-100.945,2.7588,1.5,ml,10,73,0.4,0.3,tx,tx2026okurvz,2026-07-24T10:27:04.958Z,"35 km NW of Miami, Texas",earthquake,1.8356918282703,2.1778168747388,0.1,4,reviewed,tx,tx
2026-07-24T04:09:11.300Z,32.904166666667,-115.51733333333,9.68,1.82,ml,32,71,0.03659,0.22,ci,ci40660506,2026-07-24T18:46:06.633Z,"8 km NE of Imperial, CA",earthquake,0.32,0.56,0.25541960998769,25,reviewed,ci,ci
2026-07-24T04:08:02.420Z,46.674,-112.32816666667,-0.29,1.68,ml,12,108,0.2054,0.41,mb,mb90203303,2026-07-24T20:31:13.520Z,"8 km SSW of Marysville, Montana",earthquake,0.64,1.56,0.23816064555643,14,reviewed,mb,mb
2026-07-24T04:03:12.860Z,38.818500518799,-122.81016540527,4.1100001335144,0.76,md,9,91,0.004888,0.02,nc,nc75404777,2026-07-24T04:04:47.662Z,"7 km NW of The Geysers, CA",earthquake,0.57,2.75999999,0.22,10,automatic,nc,nc
2026-07-24T03:50:07.972Z,37.2082,-117.412,9.6849,1.61,ml,27,123,0.152,0.2626,nn,nn00922246,2026-07-24T03:53:59.878Z,"57 km SSW of Goldfield, Nevada",earthquake,,0.6333,0.23,12,automatic,nn,nn
2026-07-24T03:28:28.890Z,38.835834503174,-122.81716918945,1.9400000572205,1.46,md,16,64,0.0136,0.02,nc,nc75404772,2026-07-24T04:27:22.893Z,"8 km W of Cobb, CA",earthquake,0.24,0.660000026,0.16,16,automatic,nc,nc
2026-07-24T03:20:56.750Z,38.834499359131,-122.81483459473,1.6000000238419,1.33,md,22,48,0.0117,0.04,nc,nc75404767,2026-07-24T04:07:22.745Z,"8 km W of Cobb, CA",earthquake,0.2,0.400000006,0.17,24,automatic,nc,nc
2026-07-24T03:15:32.410Z,33.370333333333,-116.69333333333,12.02,0.54,ml,28,30,0.1119,0.16,ci,ci40660498,2026-07-24T03:19:02.990Z,"11 km NNW of Warner Springs, CA",earthquake,0.17,0.54,0.090749166367355,10,automatic,ci,ci
2026-07-24T03:03:46.430Z,34.585166666667,-119.38366666667,4.23,1.64,ml,28,58,0.06362,0.21,ci,ci40660490,2026-07-24T15:45:24.583Z,"20 km NW of Ojai, CA",earthquake,0.23,0.64,0.32624226300885,30,reviewed,ci,ci
2026-07-24T03:01:39.570Z,38.778667449951,-122.76566314697,0.88999998569489,0.72,md,9,105,0.007935,0.05,nc,nc75404762,2026-07-24T03:03:17.113Z,"1 km W of The Geysers, CA",earthquake,0.37,0.860000014,0.19,9,automatic,nc,nc
2026-07-24T03:00:29.910Z,34.74733333,-97.75566667,19.33,1.39,ml,43,127,0.2069593875,0.3,ok,ok2026oiyp,2026-07-24T13:18:44.396Z,"13 km NNE of Bray, Oklahoma",earthquake,,1.7,0.27,22,reviewed,ok,ok
2026-07-24T02:42:36.550Z,18.9423,-67.2968,9,4.8,mw,28,176,0.5098,0.48,pr,pr2026205000,2026-07-24T18:21:46.291Z,"54 km NNW of San Antonio, Puerto Rico",earthquake,1.24,1.43,0.19,24,reviewed,pr,pr
2026-07-24T02:36:21.340Z,58.458,-154.89083333333,4.81,0.21,ml,6,92,0.08876,0.16,av,av94328708,2026-07-24T21:01:11.160Z,"102 km NNW of Karluk, Alaska",earthquake,0.86,3.66,0.23853343635649,6,reviewed,av,av
2026-07-24T02:33:49.360Z,47.786333333333,-122.07633333333,24.85,1.15,ml,13,93,0.05048,0.18,uw,uw714060591,2026-07-24T16:36:08.740Z,"2 km W of Echo Lake, Washington",earthquake,0.6,1.01,0.071346829420738,4,reviewed,uw,uw
2026-07-24T02:15:46.146Z,31.68,-101.978,2.7588,0.7,ml,23,76,0.1,0.2,tx,tx2026okqqda,2026-07-24T08:46:20.530Z,"36 km SSE of Midland, Texas",earthquake,0.69422798182302,2.4439202764351,0.2,11,reviewed,tx,tx
2026-07-24T02:13:04.070Z,36.761333465576,-121.26049804688,5.8000001907349,0.92,md,9,75,0.04356,0.09,nc,nc75404752,2026-07-24T02:14:42.091Z,"6 km ESE of Tres Pinos, CA",earthquake,0.4,1.17999995,0.19,7,automatic,nc,nc
2026-07-24T01:45:00.140Z,38.83716583252,-122.80000305176,2.1199998855591,1.06,md,19,66,0.007645,0.03,nc,nc75404732,2026-07-24T01:46:37.696Z,"7 km WNW of Cobb, CA",earthquake,0.23,0.469999999,0.09,20,automatic,nc,nc
2026-07-24T01:38:28.420Z,53.365333333333,-168.25316666667,3.54,0.32,ml,5,301,0.05546,0.24,av,av93064724,2026-07-24T20:57:40.920Z,"62 km NE of Nikolski, Alaska",earthquake,1.63,1.2,0.58514467828812,5,reviewed,av,av
2026-07-24T01:17:22.070Z,38.835334777832,-122.80333709717,7.7199997901917,0.76,md,8,117,0.0106,0.05,nc,nc75404727,2026-07-24T01:18:57.252Z,"7 km WNW of Cobb, CA",earthquake,1.41,2.67000008,0.42,9,automatic,nc,nc
2026-07-24T01:17:00.880Z,38.838001251221,-122.80149841309,1.7599999904633,0.51,md,6,110,0.008721,0,nc,nc75404722,2026-07-24T01:18:37.345Z,"7 km WNW of Cobb, CA",earthquake,0.53,1.59000003,0.35,8,automatic,nc,nc
2026-07-24T01:03:16.097Z,51.1015,-176.0652,10,5,mb,43,178,0.994,0.7,us,us7000t2wx,2026-07-24T19:13:23.810Z,"94 km SSE of Adak, Alaska",earthquake,5.71,1.956,0.052,120,reviewed,us,us
2026-07-24T01:02:32.412Z,40.4198,-126.7231,10,3.1,ml,40,258,1.824,0.73,us,us7000t2ww,2026-07-24T02:17:24.004Z,"209 km W of Ferndale, California",earthquake,4.24,2.007,0.035,110,reviewed,us,us
2026-07-24T01:00:00.280Z,38.837001800537,-122.78433227539,1.9299999475479,0.79,md,12,74,0.004901,0.02,nc,nc75404702,2026-07-24T01:01:36.426Z,"6 km WNW of Cobb, CA",earthquake,0.39,0.610000014,0.22,13,automatic,nc,nc
2026-07-24T00:55:18.400Z,18.9735,-67.161666666667,7.85,3.06,md,7,313,0.5056,0.13,pr,pr71525508,2026-07-24T03:41:11.741Z,"53 km N of San Antonio, Puerto Rico",earthquake,1.21,0.77,0.074410061443922,6,reviewed,pr,pr
2026-07-24T00:49:27.994Z,32.27,-101.931,8.2764,0.3,ml,17,85,0,0.2,tx,tx2026oknudl,2026-07-24T12:05:44.573Z,"20 km NW of Stanton, Texas",earthquake,0.8807719648737,1.3150223610181,0.2,6,reviewed,tx,tx
2026-07-24T00:48:28.453Z,-7.395,128.7388,146.671,4.4,mb,27,73,5.005,0.74,us,us7000t2wu,2026-07-24T02:48:41.040Z,"228 km ENE of Lospalos, Timor Leste",earthquake,7,8.442,0.127,20,reviewed,us,us
2026-07-24T00:46:36.215Z,32.273,-101.931,8.8623,0.7,ml,33,31,0,0.2,tx,tx2026oknrpq,2026-07-24T09:37:56.745Z,"20 km NW of Stanton, Texas",earthquake,0.38826332754828,0.79914422698645,0.2,10,reviewed,tx,tx
2026-07-24T00:37:57.890Z,61.301833333333,-152.25066666667,-3.16,-0.29,ml,7,168,0.05869,0.17,av,av94328368,2026-07-24T20:42:40.060Z,"65 km WNW of Beluga, Alaska",earthquake,0.56,1.84,0.257668997937,6,reviewed,av,av
2026-07-24T00:37:03.421Z,-58.7946,-25.2979,35,4.9,mb,42,85,19.835,0.73,us,us7000t2ws,2026-07-24T00:56:47.040Z,"South Sandwich Islands region",earthquake,13.47,1.887,0.088,43,reviewed,us,us
2026-07-24T00:29:10.180Z,38.811500549316,-122.78633117676,2.9000000953674,1.61,md,34,40,0.004748,0.04,nc,nc75404697,2026-07-24T01:47:25.823Z,"5 km NW of The Geysers, CA",earthquake,0.2,0.319999993,0.18,35,automatic,nc,nc
2026-07-24T00:21:59.810Z,35.828333333333,-117.67383333333,8.07,1.02,ml,22,61,0.07658,0.16,ci,ci40660474,2026-07-24T20:21:01.306Z,"23 km N of Ridgecrest, CA",earthquake,0.21,0.65,0.2787971909695,10,reviewed,ci,ci
2026-07-24T00:20:14.890Z,34.461166666667,-117.9675,8.99,0.7,ml,16,52,0.01577,0.08,ci,ci40660466,2026-07-24T16:53:51.584Z,"7 km SSE of Littlerock, CA",earthquake,0.22,0.31,0.17531599544558,9,reviewed,ci,ci
2026-07-24T00:18:34.972Z,31.654,-104.212,6.1127,1.8,ml,51,64,0,0.2,tx,tx2026okmroi,2026-07-24T07:23:55.897Z,"54 km NW of Toyah, Texas",earthquake,0.5083995109304,0.6357903693731,0.2,33,reviewed,tx,tx
2026-07-24T00:06:05.200Z,33.139166666667,-115.98966666667,5.6,0.84,ml,28,51,0.03566,0.27,ci,ci40660458,2026-07-24T00:09:24.058Z,"13 km E of Ocotillo Wells, CA",earthquake,0.3,0.65,0.12615474984469,13,automatic,ci,ci
2026-07-24T00:02:00.570Z,38.835166931152,-122.79516601562,1.6799999475479,0.68,md,8,78,0.004966,0.01,nc,nc75404682,2026-07-24T00:03:36.888Z,"6 km WNW of Cobb, CA",earthquake,0.41,1.21000004,0.24,10,automatic,nc,nc
2026-07-23T23:59:07.935Z,47.6571,15.8867,10,4.2,mb,37,39,1.446,0.62,us,us7000t2wp,2026-07-24T09:06:59.882Z,"1 km E of Schottwien, Austria",earthquake,4.34,1.895,0.215,6,reviewed,us,us
2026-07-23T23:51:29.468Z,31.668,-104.376,6.9714,1.7,ml,33,69,0,0.2,tx,tx2026oklwfo,2026-07-24T12:46:31.052Z,"56 km S of Whites City, New Mexico",earthquake,0.73379515383758,0.66323633647475,0.1,19,reviewed,tx,tx
2026-07-23T23:47:34.520Z,38.837333679199,-122.80349731445,2.3099999427795,1.06,md,16,69,0.01033,0.02,nc,nc75404677,2026-07-23T23:49:12.854Z,"7 km WNW of Cobb, CA",earthquake,0.28,0.550000012,0.23,17,automatic,nc,nc
2026-07-23T23:40:37.840Z,33.702333333333,-116.82516666667,16.3,1.94,ml,92,14,0.08364,0.21,ci,ci40660450,2026-07-24T00:39:25.500Z,"8 km SE of Valle Vista, CA",earthquake,0.13,0.35,0.22847656396976,25,reviewed,ci,ci
2026-07-23T23:39:53.289Z,31.959,-103.885,7.6636,0.9,ml,19,50,0.1,0.2,tx,tx2026oklmdr,2026-07-24T18:08:54.900Z,"34 km SSE of Malaga, New Mexico",earthquake,0.69333195165504,0.80747633294099,0.2,22,reviewed,tx,tx
2026-07-23T23:32:53.996Z,31.619,-104.114,6.0999,2.1,ml,46,52,0,0.2,tx,tx2026oklgef,2026-07-24T07:36:00.666Z,"45 km NW of Toyah, Texas",earthquake,0.50900550023609,0.36320914181102,0.1,23,reviewed,tx,tx
2026-07-23T23:16:12.270Z,32.910333333333,-115.52016666667,10.19,1.47,ml,20,72,0.03523,0.24,ci,ci40660442,2026-07-24T16:27:04.818Z,"8 km S of Brawley, CA",earthquake,0.44,0.75,0.19538265066612,11,reviewed,ci,ci
2026-07-23T23:14:33.900Z,38.827667236328,-122.87200164795,0.68999999761581,1.46,md,13,124,0.01259,0.2,nc,nc75404657,2026-07-23T23:42:21.993Z,"11 km WNW of The Geysers, CA",earthquake,0.56,0.769999981,0.11,14,automatic,nc,nc
2026-07-23T23:13:42.820Z,18.009833333333,-66.760666666667,13.13,2.19,md,13,136,0.118,0.24,pr,pr71525503,2026-07-23T23:32:44.720Z,"1 km SE of Magas Arriba, Puerto Rico",earthquake,0.42,0.62,0.034701387144781,6,reviewed,pr,pr
2026-07-23T23:10:45.450Z,36.548500061035,-121.16833496094,0.87000000476837,1.4,md,9,77,0.02693,0.34,nc,nc75404652,2026-07-23T23:32:19.923Z,"3 km NW of Pinnacles, CA",earthquake,1.01,1.97000003,0.08,7,automatic,nc,nc
2026-07-23T23:06:59.490Z,38.6561,-117.1095,0.0257,1.53,ml,8,221,0.541,0.2477,nn,nn00922241,2026-07-23T23:20:56.282Z,"61 km S of Kingston, Nevada",explosion,,36.0338,0.56,4,reviewed,nn,nn
2026-07-23T23:03:24.270Z,38.837833404541,-122.79266357422,1.9700000286102,0.61,md,8,85,0.001901,0.02,nc,nc75404647,2026-07-23T23:05:02.365Z,"6 km WNW of Cobb, CA",earthquake,0.6,1.55999994,0.29,9,automatic,nc,nc
2026-07-23T23:03:04.150Z,38.797500610352,-122.81383514404,3.1199998855591,1.04,md,16,85,0.01244,0.02,nc,nc75404642,2026-07-23T23:04:42.542Z,"5 km WNW of The Geysers, CA",earthquake,0.33,0.649999976,0.28,16,automatic,nc,nc
2026-07-23T23:01:12.730Z,58.188333333333,-155.285,1.89,-0.04,ml,6,146,0.03199,0.06,av,av94328073,2026-07-23T23:58:12.340Z,"84 km NW of Karluk, Alaska",earthquake,0.22,0.44,0.24991891567957,6,reviewed,av,av
2026-07-23T22:58:36.362Z,0.592,126.2244,49.188,5.8,mb,97,63,6.271,0.83,us,us7000t2w3,2026-07-24T03:50:16.122Z,"130 km W of Ternate, Indonesia",earthquake,8.33,6.505,0.039,246,reviewed,us,us
2026-07-23T22:55:57.612Z,39.0003,15.3717,243.071,4.7,mb,96,39,1.94,1.03,us,us7000t2w2,2026-07-24T00:00:02.040Z,"56 km NW of Santa Domenica, Italy",earthquake,7.47,6.264,0.03,336,reviewed,us,us
2026-07-23T22:51:32.460Z,38.836666107178,-122.811668396,1.9500000476837,0.7,md,12,57,0.01331,0.01,nc,nc75404637,2026-07-23T22:53:07.394Z,"8 km WNW of Cobb, CA",earthquake,0.3,0.930000007,0.46,13,automatic,nc,nc
2026-07-23T22:51:29.452Z,32.101,-101.931,8.6182,0.7,ml,15,81,0.1,0.2,tx,tx2026okjwnw,2026-07-24T20:34:46.277Z,"13 km WSW of Stanton, Texas",earthquake,0.93495340499464,2.1674911369694,0.2,11,reviewed,tx,tx
2026-07-23T22:50:23.617Z,-6.1688,100.6411,10,4.7,mb,32,89,2.922,0.93,us,us7000t2w1,2026-07-24T01:11:33.040Z,"southwest of Sumatra, Indonesia",earthquake,8.42,1.904,0.123,20,reviewed,us,us
2026-07-23T22:50:22.970Z,38.835666656494,-122.81233215332,1.8600000143051,1.49,md,24,41,0.01238,0.04,nc,nc75404632,2026-07-23T23:12:19.793Z,"8 km W of Cobb, CA",earthquake,0.2,0.340000004,0.17,28,automatic,nc,nc
2026-07-23T22:46:52.430Z,48.474166666667,-123.55466666667,-0.22,0.18,md,5,167,0.1646,0.27,uw,uw714060361,2026-07-24T17:49:13.370Z,"4 km NW of Langford, Canada",explosion,0.92,31.61,0.051197776079298,3,reviewed,uw,uw
2026-07-23T22:39:40.228Z,59.722,-152.345,76.7,2.3,ml,42,81,0.4,0.5,ak,aka2026omrugy,2026-07-23T22:49:13.040Z,"29 km WSW of Anchor Point, Alaska",earthquake,3.8,2.6841,0.1,6,automatic,ak,ak
2026-07-23T22:39:03.397Z,13.9895,-93.4188,10,4.5,mb,44,209,3.534,0.94,us,us7000t2vx,2026-07-24T00:32:38.040Z,"134 km SW of Puerto Madero, Mexico",earthquake,15.03,1.999,0.053,106,reviewed,us,us
2026-07-23T22:15:12.180Z,33.184,-115.60733333333,4.37,1.06,ml,16,105,0.009536,0.2,ci,ci40660426,2026-07-24T16:19:08.168Z,"10 km SW of Niland, CA",earthquake,0.31,0.38,0.19690714903571,8,reviewed,ci,ci
2026-07-23T22:14:19.680Z,38.792331695557,-122.8048324585,3.2300000190735,0.93,md,15,74,0.00423,0.02,nc,nc75404627,2026-07-23T22:15:57.042Z,"5 km WNW of The Geysers, CA",earthquake,0.38,0.860000014,0.29,16,automatic,nc,nc
2026-07-23T22:08:57.200Z,33.587166666667,-116.82033333333,13.09,0.95,ml,32,39,0.07262,0.17,ci,ci40660418,2026-07-24T00:38:40.078Z,"14 km WNW of Anza, CA",earthquake,0.22,0.44,0.28167253594721,25,reviewed,ci,ci
2026-07-23T22:05:25.360Z,47.67166519165,-124.42366790772,4.0900001525879,1.6256141662598,ml,12,203,0.2803,0.730000019,uw,uw714060221,2026-07-23T22:06:59.630Z,"16 km NNW of Queets, Washington",earthquake,9.26,56.0900002,0.11301828175783,7,automatic,uw,uw
2026-07-23T22:00:52.100Z,38.824001312256,-122.84799957275,2.1099998950958,0.76,md,6,95,0.007782,0.01,nc,nc75404622,2026-07-23T22:02:27.003Z,"9 km WNW of The Geysers, CA",earthquake,0.7,1.24000001,0.23,5,automatic,nc,nc
2026-07-23T21:54:48.200Z,38.5105,-112.879,2.94,0.88,md,9,101,0.01074,0.04,uu,uu80146166,2026-07-23T22:04:53.090Z,"17 km NE of Milford, Utah",earthquake,0.31,0.46,0.45442475289579,4,reviewed,uu,uu
2026-07-23T21:42:00.050Z,34.74483333,-97.7695,18.45,1.85,ml,100,64,0.2051597407,0.36,ok,ok2026oiob,2026-07-23T22:25:08.859Z,"12 km NNE of Bray, Oklahoma",earthquake,,0.9,0.28,42,reviewed,ok,ok
2026-07-23T21:41:02.260Z,52.782666666667,-169.783,6.96,1.64,ml,5,195,0.03675,0.15,av,av94327883,2026-07-23T23:47:10.740Z,"64 km WSW of Nikolski, Alaska",earthquake,1.58,1.31,0.2552595130865,5,reviewed,av,av
2026-07-23T21:37:06.410Z,39.350498199463,-123.11116790772,8.2399997711182,1.48,md,7,125,0.02645,0.03,nc,nc75404602,2026-07-23T23:32:20.923Z,"12 km NE of Redwood Valley, CA",earthquake,0.51,0.600000024,0.09,5,automatic,nc,nc
2026-07-23T21:34:31.778Z,31.92,-101.738,7.7881,0.5,ml,11,87,0.1,0.1,tx,tx2026okhiem,2026-07-24T20:40:10.904Z,"23 km SSE of Stanton, Texas",earthquake,1.7976770139195,1.7124824279914,0.2,6,reviewed,tx,tx
2026-07-23T21:25:26.076Z,31.913,-101.759,8.9111,0.3,ml,11,79,0.1,0.1,tx,tx2026okhaik,2026-07-24T20:24:36.494Z,"24 km S of Stanton, Texas",earthquake,1.8596637510082,2.3339767901862,0.2,6,reviewed,tx,tx
2026-07-23T21:21:26.207Z,31.745,-104.517,2.4982,1.1,ml,13,73,0,0.1,tx,tx2026okgwxa,2026-07-24T17:04:44.223Z,"49 km SSW of Whites City, New Mexico",earthquake,0.73339152213963,0.5850095396329,0.1,12,reviewed,tx,tx
2026-07-23T21:20:34.050Z,35.640166666667,-117.45883333333,5.28,1.14,ml,29,60,0.03792,0.16,ci,ci40660394,2026-07-24T00:38:55.774Z,"15 km SSW of Searles Valley, CA",earthquake,0.19,0.51,0.17874092755708,13,reviewed,ci,ci
2026-07-23T21:20:23.960Z,37.879333496094,-122.25333404541,8.8199996948242,2.09,md,61,33,0.00395,0.08,nc,nc75404597,2026-07-23T23:34:04.450Z,"2 km ENE of Berkeley, CA",earthquake,0.14,0.25,0.11,53,automatic,nc,nc
2026-07-23T21:20:00.153Z,56.265,-156.428,67.1,3.4,ml,42,177,1.1,0.5,ak,aka2026ompdjf,2026-07-23T22:29:16.040Z,"122 km E of Chignik, Alaska",earthquake,6.1,8.1615,0.4,6,automatic,ak,ak
2026-07-23T21:02:02.620Z,36.631833333333,-89.974,9.23,1.82,md,26,84,0.07119,0.17,nm,nm60625646,2026-07-24T14:21:52.560Z,"4 km S of Bernie, Missouri",earthquake,0.26,0.75,0.1588618455043,16,reviewed,nm,nm
